gene,snp,is_gene_de,is_eqtl,is_risk_snp
ENSG00000234719.8,chr16:11976565:T:C,FALSE,TRUE,FALSE
ENSG00000101052.12,chr20:43185524:A:G,FALSE,FALSE,TRUE
ENSG00000238083.7,chr17:46188473:C:T,FALSE,FALSE,TRUE
ENSG00000238083.7,chr17:46212466:A:G,FALSE,FALSE,TRUE
ENSG00000183831.6,chr1:173743683:G:T,FALSE,FALSE,FALSE
ENSG00000180113.15,chr6:46714163:T:G,FALSE,TRUE,FALSE
ENSG00000180113.15,chr6:46716485:C:T,FALSE,FALSE,FALSE
ENSG00000143333.6,chr1:182773005:G:A,FALSE,FALSE,FALSE
ENSG00000143333.6,chr1:182773057:C:T,FALSE,FALSE,FALSE
ENSG00000153291.15,chr6:46656919:A:T,FALSE,FALSE,FALSE
ENSG00000153291.15,chr6:46714163:T:G,FALSE,FALSE,FALSE
ENSG00000153291.15,chr6:46716485:C:T,FALSE,FALSE,FALSE
ENSG00000143333.6,chr1:182777096:G:A,FALSE,FALSE,FALSE
ENSG00000143333.6,chr1:182778814:C:T,FALSE,FALSE,FALSE
ENSG00000163635.17,chr3:63878936:T:C,FALSE,FALSE,TRUE
ENSG00000163635.17,chr3:63883101:A:C,FALSE,FALSE,TRUE
ENSG00000101017.13,chr20:46093017:T:C,FALSE,FALSE,FALSE
ENSG00000180113.15,chr6:46656919:A:T,FALSE,FALSE,FALSE
ENSG00000101017.13,chr20:46107215:A:G,FALSE,FALSE,FALSE
ENSG00000136928.6,chr9:98302833:T:G,FALSE,FALSE,FALSE
ENSG00000183831.6,chr1:173725120:T:G,FALSE,FALSE,FALSE
ENSG00000183831.6,chr1:173725269:T:A,FALSE,FALSE,FALSE
ENSG00000153291.15,chr6:46680392:A:G,FALSE,FALSE,FALSE
ENSG00000163635.17,chr3:63889058:A:G,FALSE,FALSE,TRUE
ENSG00000238083.7,chr17:46111701:A:G,FALSE,FALSE,TRUE
ENSG00000183831.6,chr1:173740560:G:T,FALSE,FALSE,FALSE
ENSG00000180113.15,chr6:46680392:A:G,FALSE,FALSE,FALSE
ENSG00000005007.12,chr19:19329619:A:G,FALSE,FALSE,TRUE
ENSG00000101104.12,chr20:44907814:C:T,FALSE,FALSE,FALSE
ENSG00000136928.6,chr9:98308205:T:C,FALSE,FALSE,TRUE
ENSG00000163635.17,chr3:63904454:A:G,FALSE,FALSE,TRUE
ENSG00000183831.6,chr1:173770809:G:A,FALSE,FALSE,FALSE
ENSG00000005007.12,chr19:19323541:C:T,FALSE,FALSE,TRUE
ENSG00000005007.12,chr19:19326045:G:A,FALSE,FALSE,TRUE
ENSG00000151773.12,chr13:43822111:G:A,FALSE,FALSE,FALSE
ENSG00000101104.12,chr20:44903797:T:C,FALSE,FALSE,FALSE
ENSG00000005007.12,chr19:19320614:T:G,FALSE,FALSE,TRUE
ENSG00000005007.12,chr19:19322002:T:C,FALSE,FALSE,TRUE
ENSG00000005007.12,chr19:19321154:G:T,FALSE,FALSE,TRUE
ENSG00000005007.12,chr19:19322296:C:T,FALSE,FALSE,TRUE
ENSG00000005007.12,chr19:19328822:A:T,FALSE,FALSE,TRUE
ENSG00000101104.12,chr20:44886629:C:T,FALSE,FALSE,FALSE
ENSG00000151773.12,chr13:43846337:G:A,FALSE,FALSE,FALSE
ENSG00000101017.13,chr20:46120612:T:C,FALSE,FALSE,FALSE
ENSG00000164241.13,chr5:127055270:T:C,FALSE,FALSE,FALSE
ENSG00000164241.13,chr5:127082442:A:T,FALSE,FALSE,FALSE
ENSG00000151773.12,chr13:43848952:A:G,FALSE,FALSE,FALSE
ENSG00000101104.12,chr20:44899880:G:A,FALSE,FALSE,FALSE
ENSG00000101104.12,chr20:44900321:G:T,FALSE,FALSE,FALSE
ENSG00000183831.6,chr1:173829600:C:T,FALSE,FALSE,FALSE
ENSG00000101104.12,chr20:44888400:C:T,FALSE,FALSE,FALSE
ENSG00000114054.13,chr3:136679545:A:G,FALSE,FALSE,TRUE
ENSG00000163635.17,chr3:63914801:C:A,FALSE,FALSE,TRUE
ENSG00000164241.13,chr5:127000977:C:T,FALSE,FALSE,FALSE
ENSG00000101017.13,chr20:46101606:G:A,FALSE,FALSE,FALSE
ENSG00000114054.13,chr3:136569563:G:A,FALSE,FALSE,TRUE
ENSG00000101104.12,chr20:44894193:C:T,FALSE,FALSE,FALSE
ENSG00000101104.12,chr20:44896322:C:T,FALSE,FALSE,FALSE
ENSG00000163635.17,chr3:63882574:A:G,FALSE,FALSE,TRUE
ENSG00000114054.13,chr3:136571687:C:G,FALSE,FALSE,TRUE
ENSG00000136928.6,chr9:98306796:C:T,FALSE,FALSE,TRUE
ENSG00000136928.6,chr9:98307051:C:T,FALSE,FALSE,TRUE
ENSG00000005007.12,chr19:19331625:G:A,FALSE,FALSE,TRUE
ENSG00000114054.13,chr3:136681578:G:T,FALSE,FALSE,TRUE
ENSG00000164241.13,chr5:127011852:G:A,FALSE,FALSE,FALSE
ENSG00000164241.13,chr5:127015616:C:T,FALSE,FALSE,FALSE
ENSG00000164241.13,chr5:127016904:C:T,FALSE,FALSE,FALSE
ENSG00000164241.13,chr5:127020350:C:T,FALSE,FALSE,FALSE
ENSG00000136928.6,chr9:98302930:T:G,FALSE,FALSE,TRUE
ENSG00000114054.13,chr3:136555593:G:A,FALSE,FALSE,TRUE
ENSG00000164241.13,chr5:127073496:C:G,FALSE,FALSE,FALSE
ENSG00000101017.13,chr20:46103450:T:C,FALSE,FALSE,FALSE
ENSG00000114054.13,chr3:136627364:T:C,FALSE,FALSE,TRUE
ENSG00000101017.13,chr20:46106624:T:G,FALSE,FALSE,FALSE
ENSG00000151773.12,chr13:43865033:T:C,FALSE,FALSE,FALSE
ENSG00000151773.12,chr13:43872025:G:A,FALSE,FALSE,FALSE
ENSG00000136928.6,chr9:98309240:T:C,FALSE,FALSE,TRUE
ENSG00000101017.13,chr20:46105671:C:T,FALSE,FALSE,FALSE
ENSG00000101017.13,chr20:46095666:A:G,FALSE,FALSE,FALSE
ENSG00000151773.12,chr13:43872681:A:G,FALSE,FALSE,FALSE
ENSG00000151773.12,chr13:43875232:G:C,FALSE,FALSE,FALSE
ENSG00000151773.12,chr13:43882973:A:G,FALSE,FALSE,FALSE
ENSG00000151773.12,chr13:43889907:A:G,FALSE,FALSE,FALSE
ENSG00000101017.13,chr20:46113425:C:A,FALSE,FALSE,FALSE
ENSG00000136928.6,chr9:98305584:G:A,FALSE,FALSE,TRUE
ENSG00000114054.13,chr3:136634351:T:G,FALSE,FALSE,TRUE
ENSG00000136928.6,chr9:98309324:T:C,FALSE,FALSE,TRUE
ENSG00000136928.6,chr9:98309453:G:A,FALSE,FALSE,TRUE
ENSG00000114054.13,chr3:136652662:C:T,FALSE,FALSE,TRUE
ENSG00000164241.13,chr5:127028162:G:A,FALSE,FALSE,FALSE
ENSG00000151773.12,chr13:43859227:G:A,FALSE,FALSE,FALSE
ENSG00000151773.12,chr13:43886334:T:C,FALSE,FALSE,FALSE
ENSG00000164241.13,chr5:126988408:C:T,FALSE,FALSE,FALSE
ENSG00000164241.13,chr5:126993516:T:C,FALSE,FALSE,FALSE
ENSG00000136928.6,chr9:98310669:A:T,FALSE,FALSE,TRUE
ENSG00000151773.12,chr13:43836417:G:A,FALSE,FALSE,FALSE
ENSG00000151773.12,chr13:43838330:T:A,FALSE,FALSE,FALSE
ENSG00000151773.12,chr13:43859429:A:G,FALSE,FALSE,FALSE
ENSG00000151773.12,chr13:43882646:T:G,FALSE,FALSE,FALSE
ENSG00000114054.13,chr3:136580037:G:A,FALSE,FALSE,TRUE
ENSG00000136928.6,chr9:98308808:T:C,FALSE,FALSE,TRUE
ENSG00000114054.13,chr3:136434626:T:C,FALSE,FALSE,TRUE
ENSG00000164241.13,chr5:126980662:C:G,FALSE,FALSE,FALSE
ENSG00000164241.13,chr5:126980904:A:C,FALSE,FALSE,FALSE
ENSG00000114054.13,chr3:136435986:C:T,FALSE,FALSE,TRUE
ENSG00000151773.12,chr13:43841783:T:A,FALSE,FALSE,FALSE
ENSG00000151773.12,chr13:43879344:C:T,FALSE,FALSE,FALSE
ENSG00000101017.13,chr20:46110780:A:T,FALSE,FALSE,FALSE
ENSG00000101017.13,chr20:46111557:C:T,FALSE,FALSE,FALSE
ENSG00000101104.12,chr20:44908559:T:C,FALSE,FALSE,FALSE
ENSG00000136928.6,chr9:98308910:C:T,FALSE,FALSE,TRUE
ENSG00000114054.13,chr3:136590868:T:C,FALSE,FALSE,TRUE
ENSG00000164241.13,chr5:126981234:G:A,FALSE,FALSE,FALSE
ENSG00000101104.12,chr20:44885562:C:T,FALSE,FALSE,FALSE
ENSG00000151773.12,chr13:43866305:C:G,FALSE,FALSE,FALSE
ENSG00000136928.6,chr9:98314345:G:A,FALSE,FALSE,FALSE
ENSG00000164241.13,chr5:126971385:G:T,FALSE,FALSE,FALSE
ENSG00000163635.17,chr3:63918083:A:G,FALSE,FALSE,TRUE
ENSG00000114054.13,chr3:136652849:G:T,FALSE,FALSE,TRUE
ENSG00000136928.6,chr9:98307480:C:T,FALSE,FALSE,TRUE
ENSG00000114054.13,chr3:136559409:T:C,FALSE,FALSE,TRUE
ENSG00000164241.13,chr5:126951582:G:A,FALSE,FALSE,FALSE
ENSG00000164241.13,chr5:126977775:T:C,FALSE,FALSE,FALSE
ENSG00000151773.12,chr13:43869841:T:C,FALSE,FALSE,FALSE
ENSG00000101017.13,chr20:46073481:T:C,FALSE,FALSE,FALSE
ENSG00000164241.13,chr5:126998716:C:G,FALSE,FALSE,FALSE
ENSG00000250091.2,chr12:124002131:A:G,FALSE,FALSE,TRUE
ENSG00000114054.13,chr3:136517066:T:C,FALSE,FALSE,TRUE
ENSG00000163635.17,chr3:64000494:A:G,FALSE,FALSE,TRUE
ENSG00000101017.13,chr20:46052214:G:A,FALSE,FALSE,FALSE
ENSG00000101017.13,chr20:46118343:T:C,FALSE,FALSE,FALSE
ENSG00000136928.6,chr9:98306298:G:A,FALSE,FALSE,TRUE
ENSG00000136928.6,chr9:98306367:G:A,FALSE,FALSE,TRUE
ENSG00000250091.2,chr12:124002304:A:G,FALSE,FALSE,TRUE
ENSG00000114054.13,chr3:136312516:G:C,FALSE,FALSE,TRUE
ENSG00000101017.13,chr20:46060026:G:A,FALSE,FALSE,FALSE
ENSG00000136928.6,chr9:98305710:T:A,FALSE,FALSE,FALSE
ENSG00000250091.2,chr12:123997709:T:C,FALSE,FALSE,TRUE
ENSG00000136928.6,chr9:98305452:G:A,FALSE,FALSE,FALSE
ENSG00000163635.17,chr3:63881679:A:G,FALSE,FALSE,TRUE
ENSG00000101104.12,chr20:44903747:A:G,FALSE,FALSE,FALSE
ENSG00000250091.2,chr12:123997143:A:G,FALSE,FALSE,TRUE
ENSG00000101104.12,chr20:44885569:T:C,FALSE,FALSE,FALSE
ENSG00000101104.12,chr20:44909956:G:T,FALSE,FALSE,FALSE
ENSG00000163635.17,chr3:63882595:G:A,FALSE,FALSE,TRUE
ENSG00000163635.17,chr3:63882661:C:T,FALSE,FALSE,TRUE
ENSG00000101104.12,chr20:44901038:T:C,FALSE,FALSE,FALSE
ENSG00000250091.2,chr12:123994784:C:T,FALSE,FALSE,TRUE
ENSG00000250091.2,chr12:123939270:T:C,FALSE,FALSE,TRUE
ENSG00000101104.12,chr20:44885696:G:T,FALSE,FALSE,FALSE
ENSG00000101104.12,chr20:44906262:G:A,FALSE,FALSE,FALSE
ENSG00000250091.2,chr12:123994019:A:T,FALSE,FALSE,TRUE
ENSG00000101104.12,chr20:44888560:A:G,FALSE,FALSE,FALSE
ENSG00000101104.12,chr20:44890896:A:G,FALSE,FALSE,FALSE
ENSG00000101104.12,chr20:44899568:T:C,FALSE,FALSE,FALSE
ENSG00000101104.12,chr20:44904645:T:G,FALSE,FALSE,FALSE
ENSG00000101104.12,chr20:44898696:C:T,FALSE,FALSE,FALSE
ENSG00000250091.2,chr12:124004615:A:G,FALSE,FALSE,TRUE
ENSG00000005007.12,chr19:19329257:C:T,FALSE,FALSE,TRUE
ENSG00000250091.2,chr12:123992052:T:A,FALSE,FALSE,TRUE
ENSG00000250091.2,chr12:123992159:C:G,FALSE,FALSE,TRUE
ENSG00000250091.2,chr12:123943615:T:A,FALSE,FALSE,FALSE
ENSG00000250091.2,chr12:124008063:T:G,FALSE,FALSE,TRUE
ENSG00000114054.13,chr3:136281901:A:G,FALSE,FALSE,TRUE
ENSG00000250091.2,chr12:123992014:C:T,FALSE,FALSE,TRUE
ENSG00000250091.2,chr12:123980289:G:T,FALSE,FALSE,TRUE
ENSG00000250091.2,chr12:123982176:C:T,FALSE,FALSE,TRUE
ENSG00000250091.2,chr12:123982657:C:A,FALSE,FALSE,TRUE
ENSG00000114054.13,chr3:136308707:A:G,FALSE,FALSE,TRUE
ENSG00000114054.13,chr3:136338019:T:C,FALSE,FALSE,TRUE
ENSG00000250091.2,chr12:123996319:G:A,FALSE,FALSE,TRUE
ENSG00000250091.2,chr12:123939053:G:C,FALSE,FALSE,FALSE
ENSG00000250091.2,chr12:123919222:C:T,FALSE,FALSE,FALSE
ENSG00000143333.6,chr1:182771451:C:A,FALSE,FALSE,FALSE
ENSG00000164241.13,chr5:127097472:T:G,FALSE,FALSE,FALSE
ENSG00000250091.2,chr12:123985191:A:G,FALSE,FALSE,TRUE
ENSG00000250091.2,chr12:123985512:C:T,FALSE,FALSE,TRUE
ENSG00000114054.13,chr3:136288491:A:G,FALSE,FALSE,TRUE
ENSG00000250091.2,chr12:123990609:A:G,FALSE,FALSE,TRUE
ENSG00000250091.2,chr12:123941294:A:G,FALSE,FALSE,FALSE
ENSG00000250091.2,chr12:123942189:C:T,FALSE,FALSE,FALSE
ENSG00000250091.2,chr12:123955563:C:A,FALSE,FALSE,FALSE
ENSG00000164241.13,chr5:127097443:C:T,FALSE,FALSE,FALSE
ENSG00000163635.17,chr3:63940985:G:A,FALSE,FALSE,TRUE
ENSG00000250091.2,chr12:123975620:G:T,FALSE,FALSE,TRUE
ENSG00000250091.2,chr12:123930906:T:C,FALSE,FALSE,FALSE
ENSG00000250091.2,chr12:123934127:C:T,FALSE,FALSE,FALSE
ENSG00000250091.2,chr12:123951241:T:A,FALSE,FALSE,FALSE
ENSG00000250091.2,chr12:123920171:T:C,FALSE,FALSE,FALSE
ENSG00000250091.2,chr12:123922856:C:T,FALSE,FALSE,FALSE
ENSG00000164241.13,chr5:127096908:G:C,FALSE,FALSE,FALSE
ENSG00000114054.13,chr3:136274757:A:C,FALSE,FALSE,TRUE
ENSG00000164241.13,chr5:127097047:A:G,FALSE,FALSE,FALSE
ENSG00000250091.2,chr12:123952668:A:T,FALSE,FALSE,FALSE
ENSG00000163635.17,chr3:63903259:G:C,FALSE,FALSE,TRUE
ENSG00000250091.2,chr12:123992326:C:T,FALSE,FALSE,TRUE
ENSG00000250091.2,chr12:123995826:G:C,FALSE,FALSE,TRUE
ENSG00000250091.2,chr12:123932792:G:A,FALSE,FALSE,FALSE
ENSG00000250091.2,chr12:123940531:A:G,FALSE,FALSE,FALSE
ENSG00000114054.13,chr3:136278028:T:A,FALSE,FALSE,TRUE
ENSG00000114054.13,chr3:136286083:C:T,FALSE,FALSE,TRUE
ENSG00000250091.2,chr12:124006982:G:C,FALSE,FALSE,TRUE
ENSG00000250091.2,chr12:123929551:C:T,FALSE,FALSE,FALSE
ENSG00000250091.2,chr12:123933925:C:G,FALSE,FALSE,FALSE
ENSG00000250091.2,chr12:123934515:A:C,FALSE,FALSE,FALSE
ENSG00000250091.2,chr12:123953670:C:T,FALSE,FALSE,FALSE
ENSG00000250091.2,chr12:123954426:G:C,FALSE,FALSE,FALSE
ENSG00000250091.2,chr12:123984025:G:C,FALSE,FALSE,TRUE
ENSG00000250091.2,chr12:123923129:T:C,FALSE,FALSE,FALSE
ENSG00000250091.2,chr12:123923444:A:G,FALSE,FALSE,FALSE
ENSG00000143333.6,chr1:182777140:A:C,FALSE,FALSE,FALSE
ENSG00000250091.2,chr12:123961022:C:G,FALSE,FALSE,FALSE
ENSG00000250091.2,chr12:123973455:C:A,FALSE,FALSE,FALSE
ENSG00000005007.12,chr19:19330055:C:T,FALSE,FALSE,TRUE
ENSG00000250091.2,chr12:123928944:G:A,FALSE,FALSE,FALSE
ENSG00000250091.2,chr12:123946065:G:A,FALSE,FALSE,FALSE
ENSG00000250091.2,chr12:123932791:T:C,FALSE,FALSE,FALSE
ENSG00000250091.2,chr12:123947154:A:G,FALSE,FALSE,FALSE
ENSG00000250091.2,chr12:123962799:T:C,FALSE,FALSE,FALSE
ENSG00000250091.2,chr12:123957333:C:G,FALSE,FALSE,FALSE
ENSG00000250091.2,chr12:123962181:A:G,FALSE,FALSE,FALSE
ENSG00000005007.12,chr19:19283587:C:T,FALSE,FALSE,TRUE
ENSG00000005007.12,chr19:19315800:C:T,FALSE,FALSE,TRUE
ENSG00000250091.2,chr12:123943784:T:C,FALSE,FALSE,FALSE
ENSG00000250091.2,chr12:123946502:G:A,FALSE,FALSE,FALSE
ENSG00000250091.2,chr12:123935181:C:T,FALSE,FALSE,FALSE
ENSG00000005007.12,chr19:19285158:T:C,FALSE,FALSE,TRUE
ENSG00000005007.12,chr19:19286670:A:C,FALSE,FALSE,TRUE
ENSG00000005007.12,chr19:19287196:A:G,FALSE,FALSE,TRUE
ENSG00000250091.2,chr12:123964676:C:A,FALSE,FALSE,FALSE
ENSG00000250091.2,chr12:123981448:T:C,FALSE,FALSE,TRUE
ENSG00000005007.12,chr19:19290409:G:A,FALSE,FALSE,TRUE
ENSG00000005007.12,chr19:19292601:A:G,FALSE,FALSE,TRUE
ENSG00000005007.12,chr19:19311676:A:G,FALSE,FALSE,TRUE
ENSG00000250091.2,chr12:123956196:G:T,FALSE,FALSE,FALSE
ENSG00000005007.12,chr19:19293977:C:G,FALSE,FALSE,TRUE
ENSG00000005007.12,chr19:19294596:T:C,FALSE,FALSE,TRUE
ENSG00000005007.12,chr19:19319166:C:G,FALSE,FALSE,TRUE
ENSG00000005007.12,chr19:19302572:A:G,FALSE,FALSE,TRUE
ENSG00000005007.12,chr19:19303138:A:G,FALSE,FALSE,TRUE
ENSG00000114054.13,chr3:136273803:T:C,FALSE,FALSE,TRUE
ENSG00000114054.13,chr3:136316375:G:A,FALSE,FALSE,TRUE
ENSG00000114054.13,chr3:136316461:C:T,FALSE,FALSE,TRUE
ENSG00000114054.13,chr3:136526973:G:A,FALSE,FALSE,TRUE
ENSG00000114054.13,chr3:136328347:A:G,FALSE,FALSE,TRUE
ENSG00000114054.13,chr3:136658535:T:C,FALSE,FALSE,TRUE
ENSG00000114054.13,chr3:136683451:C:T,FALSE,FALSE,TRUE
ENSG00000114054.13,chr3:136320426:C:A,FALSE,FALSE,TRUE
ENSG00000114054.13,chr3:136662526:A:C,FALSE,FALSE,TRUE
ENSG00000114054.13,chr3:136319732:G:A,FALSE,FALSE,TRUE
ENSG00000114054.13,chr3:136650868:T:C,FALSE,FALSE,TRUE
ENSG00000114054.13,chr3:136651250:C:T,FALSE,FALSE,TRUE
ENSG00000114054.13,chr3:136707980:A:T,FALSE,FALSE,TRUE
ENSG00000114054.13,chr3:136685841:C:T,FALSE,FALSE,TRUE
ENSG00000114054.13,chr3:136695479:C:T,FALSE,FALSE,TRUE
ENSG00000114054.13,chr3:136706672:A:C,FALSE,FALSE,TRUE
ENSG00000114054.13,chr3:136725747:C:T,FALSE,FALSE,TRUE
ENSG00000114054.13,chr3:136598560:G:T,FALSE,FALSE,TRUE
ENSG00000114054.13,chr3:136601107:C:T,FALSE,FALSE,TRUE
ENSG00000114054.13,chr3:136618187:G:A,FALSE,FALSE,TRUE
